{
    "M_G3N6C3_M M_G3N6C3H1_M": [0.00111083, 0.02],
    "M_G3N6C3_M M_G3N6C3H2_M": [0.00111083, 0.02],
    "M_G3N6C3_M M_G3N6C3H3_M": [0.00111083, 0.02],
    "M_G3N6C2_M M_G3N6C2H1_M": [0.00111083, 0.02],
    "M_G3N6C2_M M_G3N6C2H2_M": [0.00111083, 0.02],
    "M_G3N6C2_M M_G3N6C2H3_M": [0.00111083, 0.02],
    "M_G3N6C1_M M_G3N6C1H1_M": [0.00111083, 0.02],
    "M_G3N6C1_M M_G3N6C1H2_M": [0.00111083, 0.02],
    "M_G3N6C1_M M_G3N6C1H3_M": [0.00111083, 0.02],
    "M_G3C5_M M_G3C5H1_M": [-0.0447871, 0.02],
    "M_G3C5_M M_G3C5H2_M": [-0.0447871, 0.02],
    "M_G3C4_M M_G3C4H1_M": [0.0558925, 0.02],
    "M_G3C4_M M_G3C4H2_M": [0.0558925, 0.02],
    "M_G3_M M_G3H1_M": [-0.231349, 0.02],
    "M_G3_M M_G3H2_M": [-0.231349, 0.02],
    "M_G2_M M_G2H1_M": [-0.206916, 0.02],
    "M_G1_M M_G1H1_M": [-0.149916, 0.02],
    "M_G1_M M_G1H2_M": [0, 0.02],
    "M_G1C3_M M_G1C3H1_M": [-0.209877, 0.02],
    "M_G1C3_M M_G1C3H2_M": [-0.209877, 0.02],
    "M_G1C4_M M_G1C4H1_M": [-0.188409, 0.02],
    "M_G1C4_M M_G1C4H2_M": [-0.188409, 0.02],
    "M_G1C5_M M_G1C5H1_M": [-0.186196, 0.02],
    "M_G1C5_M M_G1C5H2_M": [-0.186196, 0.02],
    "M_G1C6_M M_G1C6H1_M": [-0.201736, 0.02],
    "M_G1C6_M M_G1C6H2_M": [-0.201736, 0.02],
    "M_G1C7_M M_G1C7H1_M": [-0.195811, 0.02],
    "M_G1C7_M M_G1C7H2_M": [-0.195811, 0.02],
    "M_G1C8_M M_G1C8H1_M": [-0.195071, 0.02],
    "M_G1C8_M M_G1C8H2_M": [-0.195071, 0.02],
    "M_G1C9_M M_G1C9H1_M": [-0.181747, 0.02],
    "M_G1C9_M M_G1C9H2_M": [-0.181747, 0.02],
    "M_G1C10_M M_G1C10H1_M": [-0.174345, 0.02],
    "M_G1C10_M M_G1C10H2_M": [-0.174345, 0.02],
    "M_G1C11_M M_G1C11H1_M": [-0.149913, 0.02],
    "M_G1C11_M M_G1C11H2_M": [-0.149913, 0.02],
    "M_G1C12_M M_G1C12H1_M": [-0.136586, 0.02],
    "M_G1C12_M M_G1C12H2_M": [-0.136586, 0.02],
    "M_G1C13_M M_G1C13H1_M": [-0.115857, 0.02],
    "M_G1C13_M M_G1C13H2_M": [-0.115857, 0.02],
    "M_G1C14_M M_G1C14H1_M": [-0.106234, 0.02],
    "M_G1C14_M M_G1C14H2_M": [-0.106234, 0.02],
    "M_G1C15_M M_G1C15H1_M": [-0.0899483, 0.02],
    "M_G1C15_M M_G1C15H2_M": [-0.0899483, 0.02],
    "M_G1C16_M M_G1C16H1_M": [-0.0669979, 0.02],
    "M_G1C16_M M_G1C16H2_M": [-0.0669979, 0.02],
    "M_G1C17_M M_G1C17H1_M": [-0.0181358, 0.02],
    "M_G1C17_M M_G1C17H2_M": [-0.0181358, 0.02],
    "M_G1C17_M M_G1C17H3_M": [-0.0181358, 0.02],
    "M_G2C3_M M_G2C3H1_M": [-0.0795825, 0.02],
    "M_G2C3_M M_G2C3H2_M": [-0.122519, 0.02],
    "M_G2C4_M M_G2C4H1_M": [-0.180265, 0.02],
    "M_G2C4_M M_G2C4H2_M": [-0.180265, 0.02],
    "M_G2C5_M M_G2C5H1_M": [-0.186187, 0.02],
    "M_G2C5_M M_G2C5H2_M": [-0.186187, 0.02],
    "M_G2C6_M M_G2C6H1_M": [-0.193592, 0.02],
    "M_G2C6_M M_G2C6H2_M": [-0.193592, 0.02],
    "M_G2C7_M M_G2C7H1_M": [-0.166198, 0.02],
    "M_G2C7_M M_G2C7H2_M": [-0.166198, 0.02],
    "M_G2C8_M M_G2C8H1_M": [-0.154356, 0.02],
    "M_G2C8_M M_G2C8H2_M": [-0.154356, 0.02],
    "M_G2C9_M M_G2C9H1_M": [-0.1203, 0.02],
    "M_G2C9_M M_G2C9H2_M": [-0.1203, 0.02],
    "M_G2C10_M M_G2C10H1_M": [-0.108455, 0.02],
    "M_G2C11_M M_G2C11H1_M": [-0.0225792, 0.02],
    "M_G2C12_M M_G2C12H1_M": [-0.0581141, 0.02],
    "M_G2C12_M M_G2C12H2_M": [-0.0581141, 0.02],
    "M_G2C13_M M_G2C13H1_M": [-0.0995716, 0.02],
    "M_G2C13_M M_G2C13H2_M": [-0.0995716, 0.02],
    "M_G2C14_M M_G2C14H1_M": [-0.106234, 0.02],
    "M_G2C14_M M_G2C14H2_M": [-0.106234, 0.02],
    "M_G2C15_M M_G2C15H1_M": [-0.0943887, 0.02],
    "M_G2C15_M M_G2C15H2_M": [-0.0943887, 0.02],
    "M_G2C16_M M_G2C16H1_M": [-0.0943887, 0.02],
    "M_G2C16_M M_G2C16H2_M": [-0.0943887, 0.02],
    "M_G2C17_M M_G2C17H1_M": [-0.0899483, 0.02],
    "M_G2C17_M M_G2C17H2_M": [-0.0899483, 0.02],
    "M_G2C18_M M_G2C18H1_M": [-0.0669979, 0.02],
    "M_G2C18_M M_G2C18H2_M": [-0.0669979, 0.02],
    "M_G2C19_M M_G2C19H1_M": [-0.0181358, 0.02],
    "M_G2C19_M M_G2C19H2_M": [-0.0181358, 0.02],
    "M_G2C19_M M_G2C19H3_M": [-0.0181358, 0.02]
}