{
    "M_G3N6C3_M M_G3N6C3H1_M": [0.00221876, 0.02],
    "M_G3N6C3_M M_G3N6C3H2_M": [0.00221876, 0.02],
    "M_G3N6C3_M M_G3N6C3H3_M": [0.00221876, 0.02],
    "M_G3N6C2_M M_G3N6C2H1_M": [0.00221876, 0.02],
    "M_G3N6C2_M M_G3N6C2H2_M": [0.00221876, 0.02],
    "M_G3N6C2_M M_G3N6C2H3_M": [0.00221876, 0.02],
    "M_G3N6C1_M M_G3N6C1H1_M": [0.00221876, 0.02],
    "M_G3N6C1_M M_G3N6C1H2_M": [0.00221876, 0.02],
    "M_G3N6C1_M M_G3N6C1H3_M": [0.00221876, 0.02],
    "M_G3C5_M M_G3C5H1_M": [-0.0377189, 0.02],
    "M_G3C5_M M_G3C5H2_M": [-0.0377189, 0.02],
    "M_G3C4_M M_G3C4H1_M": [0.055469, 0.02],
    "M_G3C4_M M_G3C4H2_M": [0.055469, 0.02],
    "M_G3_M M_G3H1_M": [-0.227559, 0.02],
    "M_G3_M M_G3H2_M": [-0.227559, 0.02],
    "M_G2_M M_G2H1_M": [-0.219115, 0.02],
    "M_G1_M M_G1H1_M": [-0, 0.02],
    "M_G1_M M_G1H2_M": [-0.156968, 0.02],
    "M_G1C3_M M_G1C3H1_M": [-0.259456, 0.02],
    "M_G1C3_M M_G1C3H2_M": [-0.259456, 0.02],
    "M_G1C4_M M_G1C4H1_M": [-0.266564, 0.02],
    "M_G1C4_M M_G1C4H2_M": [-0.266564, 0.02],
    "M_G1C5_M M_G1C5H1_M": [-0.280781, 0.02],
    "M_G1C5_M M_G1C5H2_M": [-0.280781, 0.02],
    "M_G1C6_M M_G1C6H1_M": [-0.302106, 0.02],
    "M_G1C6_M M_G1C6H2_M": [-0.302106, 0.02],
    "M_G1C7_M M_G1C7H1_M": [-0.316323, 0.02],
    "M_G1C7_M M_G1C7H2_M": [-0.316323, 0.02],
    "M_G1C8_M M_G1C8H1_M": [-0.316323, 0.02],
    "M_G1C8_M M_G1C8H2_M": [-0.316323, 0.02],
    "M_G1C9_M M_G1C9H1_M": [-0.309215, 0.02],
    "M_G1C9_M M_G1C9H2_M": [-0.309215, 0.02],
    "M_G1C10_M M_G1C10H1_M": [-0.294998, 0.02],
    "M_G1C10_M M_G1C10H2_M": [-0.294998, 0.02],
    "M_G1C11_M M_G1C11H1_M": [-0.259456, 0.02],
    "M_G1C11_M M_G1C11H2_M": [-0.259456, 0.02],
    "M_G1C12_M M_G1C12H1_M": [-0.252348, 0.02],
    "M_G1C12_M M_G1C12H2_M": [-0.252348, 0.02],
    "M_G1C13_M M_G1C13H1_M": [-0.202589, 0.02],
    "M_G1C13_M M_G1C13H2_M": [-0.202589, 0.02],
    "M_G1C14_M M_G1C14H1_M": [-0.195481, 0.02],
    "M_G1C14_M M_G1C14H2_M": [-0.195481, 0.02],
    "M_G1C15_M M_G1C15H1_M": [-0.174155, 0.02],
    "M_G1C15_M M_G1C15H2_M": [-0.174155, 0.02],
    "M_G1C16_M M_G1C16H1_M": [-0.117288, 0.02],
    "M_G1C16_M M_G1C16H2_M": [-0.117288, 0.02],
    "M_G1C17_M M_G1C17H1_M": [-0.0390961, 0.02],
    "M_G1C17_M M_G1C17H2_M": [-0.0390961, 0.02],
    "M_G1C17_M M_G1C17H3_M": [-0.0390961, 0.02],
    "M_G2C3_M M_G2C3H1_M": [-0.0982211, 0.02],
    "M_G2C3_M M_G2C3H2_M": [-0.168743, 0.02],
    "M_G2C4_M M_G2C4H1_M": [-0.261482, 0.02],
    "M_G2C4_M M_G2C4H2_M": [-0.261482, 0.02],
    "M_G2C5_M M_G2C5H1_M": [-0.269482, 0.02],
    "M_G2C5_M M_G2C5H2_M": [-0.269482, 0.02],
    "M_G2C6_M M_G2C6H1_M": [-0.274518, 0.02],
    "M_G2C6_M M_G2C6H2_M": [-0.274518, 0.02],
    "M_G2C7_M M_G2C7H1_M": [-0.274518, 0.02],
    "M_G2C7_M M_G2C7H2_M": [-0.274518, 0.02],
    "M_G2C8_M M_G2C8H1_M": [-0.265928, 0.02],
    "M_G2C8_M M_G2C8H2_M": [-0.265928, 0.02],
    "M_G2C9_M M_G2C9H1_M": [-0.19837, 0.02],
    "M_G2C9_M M_G2C9H2_M": [-0.19837, 0.02],
    "M_G2C10_M M_G2C10H1_M": [-0.165779, 0.02],
    "M_G2C11_M M_G2C11H1_M": [-0.0656294, 0.02],
    "M_G2C12_M M_G2C12H1_M": [-0.125187, 0.02],
    "M_G2C12_M M_G2C12H2_M": [-0.125187, 0.02],
    "M_G2C13_M M_G2C13H1_M": [-0.204889, 0.02],
    "M_G2C13_M M_G2C13H2_M": [-0.204889, 0.02],
    "M_G2C14_M M_G2C14H1_M": [-0.203407, 0.02],
    "M_G2C14_M M_G2C14H2_M": [-0.203407, 0.02],
    "M_G2C15_M M_G2C15H1_M": [-0.186816, 0.02],
    "M_G2C15_M M_G2C15H2_M": [-0.186816, 0.02],
    "M_G2C16_M M_G2C16H1_M": [-0.185334, 0.02],
    "M_G2C16_M M_G2C16H2_M": [-0.185334, 0.02],
    "M_G2C17_M M_G2C17H1_M": [-0.167851, 0.02],
    "M_G2C17_M M_G2C17H2_M": [-0.167851, 0.02],
    "M_G2C18_M M_G2C18H1_M": [-0.117186, 0.02],
    "M_G2C18_M M_G2C18H2_M": [-0.117186, 0.02],
    "M_G2C19_M M_G2C19H1_M": [-0.0395561, 0.02],
    "M_G2C19_M M_G2C19H2_M": [-0.0395561, 0.02],
    "M_G2C19_M M_G2C19H3_M": [-0.0395561, 0.02]
}