{
    "M_G3N6C3_M M_G3N6C3H1_M": [0, 0.02],
    "M_G3N6C3_M M_G3N6C3H2_M": [0, 0.02],
    "M_G3N6C3_M M_G3N6C3H3_M": [0, 0.02],
    "M_G3N6C2_M M_G3N6C2H1_M": [0, 0.02],
    "M_G3N6C2_M M_G3N6C2H2_M": [0, 0.02],
    "M_G3N6C2_M M_G3N6C2H3_M": [0, 0.02],
    "M_G3N6C1_M M_G3N6C1H1_M": [0, 0.02],
    "M_G3N6C1_M M_G3N6C1H2_M": [0, 0.02],
    "M_G3N6C1_M M_G3N6C1H3_M": [0, 0.02],
    "M_G3C5_M M_G3C5H1_M": [-0.033, 0.02],
    "M_G3C5_M M_G3C5H2_M": [-0.033, 0.02],
    "M_G3C4_M M_G3C4H1_M": [0.0362045, 0.02],
    "M_G3C4_M M_G3C4H2_M": [0.0362045, 0.02],
    "M_G3_M M_G3H1_M": [-0.184818, 0.02],
    "M_G3_M M_G3H2_M": [-0.184818, 0.02],
    "M_G2_M M_G2H1_M": [-0.223914, 0.02],
    "M_G1_M M_G1H1_M": [-0, 0.02],
    "M_G1_M M_G1H2_M": [-0.156384, 0.02],
    "M_G1C3_M M_G1C3H1_M": [-0.284335, 0.02],
    "M_G1C3_M M_G1C3H2_M": [-0.284335, 0.02],
    "M_G1C4_M M_G1C4H1_M": [-0.316323, 0.02],
    "M_G1C4_M M_G1C4H2_M": [-0.316323, 0.02],
    "M_G1C5_M M_G1C5H1_M": [-0.351865, 0.02],
    "M_G1C5_M M_G1C5H2_M": [-0.351865, 0.02],
    "M_G1C6_M M_G1C6H1_M": [-0.362527, 0.02],
    "M_G1C6_M M_G1C6H2_M": [-0.362527, 0.02],
    "M_G1C7_M M_G1C7H1_M": [-0.390961, 0.02],
    "M_G1C7_M M_G1C7H2_M": [-0.390961, 0.02],
    "M_G1C8_M M_G1C8H1_M": [-0.390961, 0.02],
    "M_G1C8_M M_G1C8H2_M": [-0.390961, 0.02],
    "M_G1C9_M M_G1C9H1_M": [-0.369636, 0.02],
    "M_G1C9_M M_G1C9H2_M": [-0.369636, 0.02],
    "M_G1C10_M M_G1C10H1_M": [-0.358973, 0.02],
    "M_G1C10_M M_G1C10H2_M": [-0.358973, 0.02],
    "M_G1C11_M M_G1C11H1_M": [-0.344757, 0.02],
    "M_G1C11_M M_G1C11H2_M": [-0.344757, 0.02],
    "M_G1C12_M M_G1C12H1_M": [-0.312769, 0.02],
    "M_G1C12_M M_G1C12H2_M": [-0.312769, 0.02],
    "M_G1C13_M M_G1C13H1_M": [-0.270119, 0.02],
    "M_G1C13_M M_G1C13H2_M": [-0.270119, 0.02],
    "M_G1C14_M M_G1C14H1_M": [-0.248793, 0.02],
    "M_G1C14_M M_G1C14H2_M": [-0.248793, 0.02],
    "M_G1C15_M M_G1C15H1_M": [-0.199035, 0.02],
    "M_G1C15_M M_G1C15H2_M": [-0.199035, 0.02],
    "M_G1C16_M M_G1C16H1_M": [-0.142168, 0.02],
    "M_G1C16_M M_G1C16H2_M": [-0.142168, 0.02],
    "M_G1C17_M M_G1C17H1_M": [-0.0462045, 0.02],
    "M_G1C17_M M_G1C17H2_M": [-0.0462045, 0.02],
    "M_G1C17_M M_G1C17H3_M": [-0.0462045, 0.02],
    "M_G2C3_M M_G2C3H1_M": [-0.117288, 0.02],
    "M_G2C3_M M_G2C3H2_M": [-0.195481, 0.02],
    "M_G2C4_M M_G2C4H1_M": [-0.316323, 0.02],
    "M_G2C4_M M_G2C4H2_M": [-0.316323, 0.02],
    "M_G2C5_M M_G2C5H1_M": [-0.326986, 0.02],
    "M_G2C5_M M_G2C5H2_M": [-0.326986, 0.02],
    "M_G2C6_M M_G2C6H1_M": [-0.337648, 0.02],
    "M_G2C6_M M_G2C6H2_M": [-0.337648, 0.02],
    "M_G2C7_M M_G2C7H1_M": [-0.337648, 0.02],
    "M_G2C7_M M_G2C7H2_M": [-0.337648, 0.02],
    "M_G2C8_M M_G2C8H1_M": [-0.337648, 0.02],
    "M_G2C8_M M_G2C8H2_M": [-0.337648, 0.02],
    "M_G2C9_M M_G2C9H1_M": [-0.266564, 0.02],
    "M_G2C9_M M_G2C9H2_M": [-0.266564, 0.02],
    "M_G2C10_M M_G2C10H1_M": [-0.216806, 0.02],
    "M_G2C11_M M_G2C11H1_M": [-0.0497587, 0.02],
    "M_G2C12_M M_G2C12H1_M": [-0.167047, 0.02],
    "M_G2C12_M M_G2C12H2_M": [-0.167047, 0.02],
    "M_G2C13_M M_G2C13H1_M": [-0.248793, 0.02],
    "M_G2C13_M M_G2C13H2_M": [-0.248793, 0.02],
    "M_G2C14_M M_G2C14H1_M": [-0.255902, 0.02],
    "M_G2C14_M M_G2C14H2_M": [-0.255902, 0.02],
    "M_G2C15_M M_G2C15H1_M": [-0.241685, 0.02],
    "M_G2C15_M M_G2C15H2_M": [-0.241685, 0.02],
    "M_G2C16_M M_G2C16H1_M": [-0.216806, 0.02],
    "M_G2C16_M M_G2C16H2_M": [-0.216806, 0.02],
    "M_G2C17_M M_G2C17H1_M": [-0.199035, 0.02],
    "M_G2C17_M M_G2C17H2_M": [-0.199035, 0.02],
    "M_G2C18_M M_G2C18H1_M": [-0.142168, 0.02],
    "M_G2C18_M M_G2C18H2_M": [-0.142168, 0.02],
    "M_G2C19_M M_G2C19H1_M": [-0.0462045, 0.02],
    "M_G2C19_M M_G2C19H2_M": [-0.0462045, 0.02],
    "M_G2C19_M M_G2C19H3_M": [-0.0462045, 0.02]
}