{
    "M_G3C4_M M_G3C4H1_M": [0.0746785, 0.02],
    "M_G3C4_M M_G3C4H2_M": [0.080752, 0.02]
}